<?xml version="1.0" encoding="UTF-8"?>
<project-private xmlns="http://www.netbeans.org/ns/project-private/1">
    <editor-bookmarks xmlns="http://www.netbeans.org/ns/editor-bookmarks/2" lastBookmarkId="0"/>
    <open-files xmlns="http://www.netbeans.org/ns/projectui-open-files/2">
        <group>
            <file>file:/C:/Users/Dell/OneDrive/Documents/NetBeansProjects/CA2023/src/ca2023/Movie.java</file>
            <file>file:/C:/Users/Dell/OneDrive/Documents/NetBeansProjects/CA2023/src/ca2023/User.java</file>
            <file>file:/C:/Users/Dell/OneDrive/Documents/NetBeansProjects/CA2023/src/ca2023/MovieRentalSystem.java</file>
            <file>file:/C:/Users/Dell/OneDrive/Documents/NetBeansProjects/CA2023/src/ca2023/CA2023.java</file>
        </group>
    </open-files>
</project-private>
